year,selling_price,km_driven,fuel,seller_type,transmission
0.9459459459459438,3000000,0.0148272198253218,Diesel,Individual,Manual
0.6756756756756772,120000,0.0381278024246162,Petrol,Individual,Manual
0.8648648648648631,700000,0.0127089850435678,Petrol,Individual,Manual
0.621621621621621,229999,0.1270936632582857,Diesel,Individual,Manual
0.9729729729729756,5400000,0.0031769285256747,Diesel,Dealer,Automatic
0.9459459459459438,3400000,0.0093198093927613,Diesel,Dealer,Automatic
0.8108108108108141,1300000,0.0247829232995658,Diesel,Dealer,Automatic
0.7837837837837824,300000,0.0466007415516323,Diesel,Individual,Manual
0.7027027027027017,120000,0.0321967450357049,Petrol,Individual,Manual
0.6486486486486527,75000,0.025418393734092,Petrol,Individual,Manual
0.567567567567572,400000,0.0395745567805542,Diesel,Dealer,Manual
0.7297297297297334,650000,0.0677830893691727,Diesel,Individual,Manual
0.8648648648648631,899000,0.0338913328611081,Diesel,Individual,Manual
0.8918918918918948,409999,0.0508372111151404,Diesel,Individual,Manual
0.8108108108108141,1650000,0.0274468153610997,Diesel,Dealer,Automatic
0.9189189189189192,425000,0.0050833398292533,Petrol,Individual,Manual
0.7837837837837824,395000,0.0207582772142331,Petrol,Individual,Manual
0.8918918918918948,300000,0.0160981606943743,Petrol,Individual,Manual
0.7567567567567579,380000,0.0338913328611081,Diesel,Individual,Manual
0.8648648648648631,380000,0.0211819241705839,Petrol,Individual,Automatic
0.8648648648648631,550000,0.0295625082611156,Petrol,Dealer,Manual
0.8108108108108141,525000,0.0239055504529633,Diesel,Dealer,Manual
0.7837837837837824,450000,0.0423642719881243,Diesel,Individual,Manual
0.8918918918918948,30000,0.0211819241705839,Petrol,Individual,Manual
0.9459459459459438,655000,0.0066643902703545,Petrol,Dealer,Automatic
0.8918918918918948,645000,0.0046596928729025,Petrol,Dealer,Automatic
0.7567567567567579,200000,0.0338913328611081,Diesel,Individual,Manual
0.7837837837837824,220000,0.0423642719881243,Petrol,Individual,Manual
0.9459459459459438,2064000,0.010167103305463,Diesel,Individual,Manual
0.8378378378378386,350000,0.0211819241705839,Diesel,Individual,Manual
0.8918918918918948,350000,0.0105907502618138,Petrol,Individual,Manual
0.9459459459459438,700000,0.0149449936791874,Diesel,Dealer,Manual
0.8378378378378386,350000,0.0271129815594952,Petrol,Individual,Manual
0.8918918918918948,775000,0.0220292180832856,Diesel,Dealer,Manual
0.9729729729729756,1100000,0.0021881365295519,Petrol,Dealer,Manual
0.8648648648648631,575000,0.0097434563491122,Diesel,Individual,Manual
0.8648648648648631,1000000,0.0563446215477009,Diesel,Individual,Manual
0.9459459459459438,585000,0.0063542806983057,Petrol,Individual,Manual
0.8378378378378386,240000,0.0711722650199791,Diesel,Individual,Manual
0.6486486486486527,215000,0.0236390765174186,Petrol,Dealer,Manual
0.8648648648648631,750000,0.0116922323483259,Petrol,Dealer,Manual
0.8648648648648631,400000,0.025418393734092,Diesel,Individual,Manual
0.9729729729729756,550000,0.0105907502618138,Petrol,Individual,Manual
0.9459459459459438,2900000,0.0063542806983057,Diesel,Dealer,Automatic
0.7837837837837824,550000,0.0508372111151404,Diesel,Individual,Manual
0.9189189189189192,725000,0.0169454546070759,Diesel,Dealer,Manual
0.8918918918918948,550000,0.0239330875051261,Petrol,Trustmark Dealer,Manual
0.8918918918918948,665000,0.2372418719094954,Diesel,Dealer,Manual
0.9189189189189192,400000,0.0211819241705839,Petrol,Individual,Manual
0.9729729729729756,675000,0.0069897511328319,Petrol,Individual,Manual
0.621621621621621,110000,0.0508372111151404,LPG,Individual,Manual
0.9729729729729756,550000,0.0169454546070759,Petrol,Individual,Manual
0.9459459459459438,1400000,0.0057332142602954,Petrol,Dealer,Manual
0.7567567567567579,500000,0.0635466198056646,Diesel,Individual,Automatic
0.9729729729729756,1925000,0.0182163954761283,Diesel,Dealer,Automatic
0.8648648648648631,315000,0.0190636893888299,Petrol,Individual,Manual
0.8648648648648631,350000,0.0211819241705839,Diesel,Individual,Manual
0.9189189189189192,669000,0.025418393734092,Diesel,Individual,Manual
0.9189189189189192,450000,0.0238466635260305,Diesel,Dealer,Manual
0.6486486486486527,72000,0.0169454546070759,Petrol,Individual,Manual
0.8378378378378386,520000,0.0347386267738098,Diesel,Individual,Manual
0.9189189189189192,3200000,0.0190636893888299,Diesel,Dealer,Automatic
0.9459459459459438,320000,0.01647944295509,Petrol,Individual,Manual
0.7837837837837824,260000,0.0194873363451807,Diesel,Individual,Manual
0.8918918918918948,575000,0.0211819241705839,Diesel,Individual,Manual
0.6486486486486527,75000,0.0228765119959872,Petrol,Individual,Manual
0.9459459459459438,270000,0.0084725154800597,Petrol,Individual,Manual
0.8378378378378386,380000,0.0211819241705839,Petrol,Individual,Manual
0.3783783783783789,50000,0.0508372111151404,Petrol,Individual,Manual
0.9459459459459438,300000,0.0044478693947271,Petrol,Individual,Manual
0.8648648648648631,565000,0.0482953293770356,Diesel,Dealer,Manual
0.8108108108108141,30000,0.0127089850435678,Petrol,Individual,Manual
0.7297297297297334,190000,0.0381278024246162,Diesel,Individual,Manual
1.0,746000,0.0004702481215493,Petrol,Dealer,Manual
0.7837837837837824,310000,0.036433214599213,Diesel,Individual,Manual
0.9459459459459438,950000,0.0058827616358873,Petrol,Individual,Manual
0.7837837837837824,480000,0.0236115394652558,Diesel,Individual,Manual
0.9189189189189192,760000,0.0381278024246162,Diesel,Individual,Manual
0.8918918918918948,650000,0.0110143972181646,Petrol,Individual,Manual
0.7837837837837824,600000,0.025418393734092,Diesel,Individual,Manual
0.7567567567567579,300000,0.0305021572103017,Diesel,Individual,Manual
0.7567567567567579,190000,0.0338913328611081,Diesel,Individual,Manual
0.8648648648648631,610000,0.0381278024246162,Diesel,Individual,Manual
0.9459459459459438,725000,0.0110143972181646,Petrol,Dealer,Automatic
0.9729729729729756,1575000,0.0076252215673581,Diesel,Individual,Manual
0.7567567567567579,140000,0.0296548632976001,Diesel,Individual,Manual
0.8378378378378386,560000,0.0105907502618138,Petrol,Individual,Manual
0.8108108108108141,380000,0.0351622737301606,Diesel,Dealer,Manual
0.9459459459459438,1675000,0.0338913328611081,Diesel,Individual,Manual
0.567567567567572,70000,0.0932019067502211,Petrol,Individual,Manual
0.8108108108108141,1150000,0.0224528650396364,Diesel,Dealer,Automatic
0.8918918918918948,680000,0.0211819241705839,Diesel,Individual,Manual
0.8918918918918948,890000,0.0169454546070759,Diesel,Individual,Manual
0.8918918918918948,315000,0.0135562789562694,Petrol,Dealer,Manual
0.7567567567567579,65000,0.025418393734092,Petrol,Individual,Manual
0.9189189189189192,595000,0.0169454546070759,Petrol,Individual,Manual
0.9459459459459438,740000,0.0164442802577129,Diesel,Dealer,Manual
0.621621621621621,250000,0.0508372111151404,Diesel,Individual,Manual
0.8648648648648631,450000,0.0190636893888299,Petrol,Individual,Automatic
1.0,600000,0.0021178111347976,Petrol,Individual,Manual
0.8918918918918948,1525000,0.0178618029736627,Diesel,Dealer,Automatic
0.6756756756756772,100000,0.0508372111151404,Petrol,Individual,Manual
0.7567567567567579,170000,0.0296548632976001,Petrol,Individual,Manual
0.7837837837837824,180000,0.0423642719881243,Petrol,Individual,Manual
0.8108108108108141,459999,0.0338913328611081,Diesel,Individual,Manual
0.9189189189189192,2711000,0.0038123989602009,Diesel,Dealer,Automatic
0.9459459459459438,700000,0.0182163954761283,Diesel,Individual,Manual
0.8918918918918948,252999,0.0193920157800018,Petrol,Dealer,Manual
0.9189189189189192,500000,0.01122622069634,Petrol,Individual,Manual
0.8648648648648631,700000,0.0466007415516323,Diesel,Individual,Manual
0.7837837837837824,350000,0.0508372111151404,Diesel,Individual,Manual
0.621621621621621,150000,0.0423642719881243,Petrol,Individual,Manual
0.9729729729729756,890000,0.0084725154800597,Diesel,Individual,Manual
0.9729729729729756,1350000,0.002287269917338,Diesel,Dealer,Manual
0.621621621621621,430000,0.1118423728296566,Diesel,Individual,Manual
0.9189189189189192,415000,0.0084725154800597,Petrol,Individual,Manual
0.9729729729729756,1200000,0.0105907502618138,Diesel,Individual,Manual
0.8108108108108141,375000,0.0169454546070759,Petrol,Individual,Manual
0.8648648648648631,419000,0.0720195589326808,Diesel,Individual,Manual
0.8108108108108141,500000,0.0508372111151404,Diesel,Individual,Manual
0.6486486486486527,70000,0.0686303832818743,LPG,Individual,Manual
0.8378378378378386,2000000,0.0550736806786485,Diesel,Individual,Automatic
0.9189189189189192,2711000,0.0038123989602009,Diesel,Dealer,Automatic
0.7837837837837824,560000,0.0431704721460599,Diesel,Individual,Manual
0.5945945945945965,229999,0.0936255537065719,Diesel,Individual,Manual
0.6486486486486527,85000,0.0338913328611081,Petrol,Individual,Manual
0.9459459459459438,560000,0.0084725154800597,Petrol,Individual,Manual
0.7567567567567579,180000,0.0368568615555638,Diesel,Individual,Manual
0.7837837837837824,220000,0.0381278024246162,Diesel,Individual,Manual
0.9189189189189192,800000,0.0220292180832856,Diesel,Individual,Manual
0.9459459459459438,400000,0.0063542806983057,Petrol,Individual,Manual
0.7837837837837824,400000,0.0455416241607553,Diesel,Individual,Manual
0.7567567567567579,260000,0.0120654653168709,Petrol,Dealer,Manual
0.7837837837837824,800000,0.0460631335640232,Diesel,Individual,Manual
0.8378378378378386,1100000,0.0338913328611081,Diesel,Individual,Manual
0.8378378378378386,459999,0.0614283850239106,Diesel,Individual,Manual
0.9459459459459438,811000,0.0423642719881243,Diesel,Individual,Manual
0.8648648648648631,210000,0.088965437186713,Petrol,Individual,Manual
0.9459459459459438,395000,0.0045749634816323,Petrol,Individual,Manual
0.9459459459459438,650000,0.0482953293770356,Diesel,Individual,Manual
0.7567567567567579,165000,0.0296548632976001,Diesel,Individual,Manual
0.9189189189189192,350000,0.0084725154800597,Petrol,Individual,Manual
0.8648648648648631,530000,0.0060458657140823,Petrol,Dealer,Manual
0.9189189189189192,1770000,0.0105907502618138,Diesel,Individual,Manual
0.8378378378378386,650000,0.0338913328611081,Diesel,Individual,Manual
0.7837837837837824,300000,0.0360095676428622,Petrol,Individual,Manual
0.7567567567567579,150000,0.0338913328611081,Petrol,Individual,Manual
0.9189189189189192,400000,0.0063542806983057,Petrol,Individual,Manual
0.8648648648648631,700000,0.0169454546070759,Diesel,Individual,Automatic
0.7837837837837824,222000,0.0508372111151404,LPG,Individual,Manual
0.8648648648648631,110000,0.0110143972181646,Petrol,Individual,Manual
0.7297297297297334,350000,0.0338913328611081,Petrol,Individual,Manual
0.7837837837837824,325000,0.0381278024246162,Diesel,Individual,Manual
0.8918918918918948,310000,0.0127089850435678,Petrol,Individual,Manual
0.4594594594594596,100000,0.025418393734092,Petrol,Individual,Manual
0.7837837837837824,405000,0.0635466198056646,Diesel,Individual,Manual
0.8918918918918948,1250000,0.0127089850435678,Diesel,Individual,Manual
0.621621621621621,220000,0.0932019067502211,Petrol,Individual,Manual
0.8378378378378386,484999,0.0122006086959468,Petrol,Dealer,Manual
0.9189189189189192,520000,0.0044521058642906,Petrol,Dealer,Automatic
0.8648648648648631,600000,0.025418393734092,Diesel,Individual,Manual
0.7837837837837824,290000,0.0338913328611081,Diesel,Individual,Manual
0.6756756756756772,220000,0.0508372111151404,Petrol,Individual,Automatic
0.7837837837837824,335000,0.0423642719881243,Diesel,Individual,Manual
0.7027027027027017,370000,0.0508372111151404,Diesel,Individual,Manual
0.9189189189189192,680000,0.0186400424324791,Diesel,Dealer,Manual
0.6486486486486527,212000,0.0245710998213904,Diesel,Dealer,Manual
0.7567567567567579,270000,0.0127089850435678,Petrol,Individual,Manual
0.8378378378378386,346000,0.0158931155675005,Diesel,Individual,Manual
0.9729729729729756,900000,0.0063542806983057,Diesel,Individual,Manual
0.8108108108108141,260000,0.0508372111151404,Petrol,Individual,Manual
0.8918918918918948,1800000,0.0127089850435678,Diesel,Individual,Automatic
0.9729729729729756,643000,0.0042360459165517,Diesel,Individual,Manual
0.8378378378378386,700000,0.0615304839403911,Diesel,Individual,Manual
0.8648648648648631,499000,0.0258420406904428,Diesel,Dealer,Manual
0.9189189189189192,430000,0.0478716824206848,Diesel,Individual,Manual
0.8648648648648631,625000,0.0381278024246162,Diesel,Individual,Manual
0.8378378378378386,355000,0.0512608580714912,Petrol,Dealer,Manual
0.7567567567567579,440000,0.0338913328611081,Diesel,Individual,Manual
0.4594594594594596,100000,0.1059113154407453,Diesel,Individual,Manual
0.7567567567567579,225000,0.0381278024246162,Diesel,Individual,Manual
0.9189189189189192,750000,0.0063542806983057,Petrol,Individual,Manual
0.9729729729729756,600000,0.0021178111347976,Petrol,Individual,Manual
0.8378378378378386,290000,0.025418393734092,Petrol,Individual,Manual
0.9189189189189192,800000,0.0129631732173783,Petrol,Individual,Automatic
0.7027027027027017,210000,0.0508372111151404,Diesel,Individual,Manual
0.9729729729729756,585000,0.0042360459165517,Petrol,Individual,Manual
0.8648648648648631,480000,0.0296548632976001,Diesel,Individual,Manual
0.8918918918918948,550000,0.0186400424324791,Petrol,Individual,Manual
0.8918918918918948,320000,0.0381278024246162,Petrol,Individual,Manual
0.9729729729729756,700000,0.0053315969456749,Petrol,Dealer,Manual
1.0,635000,4.236469563508068e-05,Petrol,Dealer,Manual
0.9729729729729756,700000,0.0042360459165517,Diesel,Individual,Manual
0.7837837837837824,254999,0.0296548632976001,Diesel,Individual,Manual
0.7837837837837824,310000,0.0169454546070759,Petrol,Individual,Manual
0.6486486486486527,75000,0.0228765119959872,Petrol,Individual,Manual
0.8378378378378386,2500000,0.0336795093829327,Diesel,Individual,Automatic
0.621621621621621,50000,0.0169454546070759,Petrol,Individual,Manual
0.7567567567567579,225000,0.0466007415516323,Diesel,Individual,Manual
0.9459459459459438,681000,0.0114380441745154,Diesel,Individual,Manual
0.7837837837837824,900000,0.0423642719881243,Diesel,Individual,Manual
0.621621621621621,150000,0.0423642719881243,Petrol,Individual,Manual
1.0,445000,0.0004232233093944,Petrol,Individual,Manual
0.9189189189189192,450000,0.0211819241705839,Diesel,Individual,Manual
0.9729729729729756,980000,0.0211819241705839,Diesel,Individual,Manual
0.7837837837837824,200000,0.0442706832917029,Diesel,Individual,Manual
0.7027027027027017,300000,0.0720195589326808,Diesel,Individual,Manual
0.8108108108108141,1425000,0.0249947467777412,Diesel,Dealer,Automatic
0.8108108108108141,525000,0.0260538641686182,Petrol,Dealer,Manual
0.7567567567567579,204999,0.025418393734092,Petrol,Individual,Manual
0.8108108108108141,400000,0.0148272198253218,Petrol,Individual,Manual
0.8378378378378386,390000,0.0127089850435678,Petrol,Individual,Manual
0.9189189189189192,700000,0.025418393734092,Diesel,Individual,Manual
0.7297297297297334,220000,0.0508372111151404,Diesel,Individual,Manual
0.7567567567567579,210000,0.0355859206865114,Diesel,Individual,Manual
0.9189189189189192,450000,0.0238466635260305,Diesel,Dealer,Manual
0.9459459459459438,550000,0.0084725154800597,Petrol,Individual,Manual
0.8918918918918948,1850000,0.0169454546070759,Diesel,Individual,Automatic
0.8918918918918948,390000,0.0177927485197775,Diesel,Individual,Manual
0.7837837837837824,134000,0.0381278024246162,Petrol,Individual,Manual
0.9189189189189192,500000,0.0148272198253218,Diesel,Individual,Manual
0.5945945945945965,250000,0.0296548632976001,Petrol,Individual,Manual
0.6756756756756772,160000,0.0423642719881243,Diesel,Individual,Manual
0.9459459459459438,1590000,0.0105907502618138,Petrol,Dealer,Automatic
0.6486486486486527,150000,0.0317730980793541,Petrol,Individual,Manual
0.8918918918918948,550000,0.0239330875051261,Petrol,Trustmark Dealer,Manual
0.7567567567567579,95000,0.0186400424324791,Petrol,Individual,Manual
0.9189189189189192,450000,0.0296548632976001,Petrol,Individual,Manual
0.5945945945945965,125000,0.014403572868971,Petrol,Dealer,Manual
0.9459459459459438,740000,0.0211819241705839,Diesel,Individual,Manual
0.8648648648648631,1050000,0.0381278024246162,Diesel,Individual,Manual
0.5945945945945965,93000,0.0338913328611081,Petrol,Individual,Manual
0.8378378378378386,455999,0.0135562789562694,Petrol,Individual,Manual
0.9189189189189192,270000,0.0211819241705839,Petrol,Individual,Manual
0.7567567567567579,120000,0.0084725154800597,Petrol,Individual,Manual
0.9189189189189192,875000,0.0169454546070759,Diesel,Individual,Manual
0.621621621621621,270000,0.0296548632976001,Petrol,Individual,Manual
0.7837837837837824,235000,0.0508372111151404,Diesel,Individual,Manual
0.9729729729729756,5500000,0.0036005754820255,Diesel,Dealer,Automatic
0.8648648648648631,750000,0.0194763215243156,Diesel,Trustmark Dealer,Manual
0.6486486486486527,245000,0.0508372111151404,Diesel,Individual,Manual
0.6756756756756772,150000,0.025418393734092,Petrol,Individual,Manual
0.9729729729729756,650000,0.0016941641784468,Petrol,Individual,Manual
0.5405405405405403,75000,0.0466007415516323,Diesel,Individual,Manual
0.7837837837837824,175000,0.0762560284961888,Diesel,Individual,Manual
0.9189189189189192,295000,0.0063542806983057,Petrol,Individual,Manual
0.9459459459459438,1000000,0.0148272198253218,Diesel,Individual,Manual
0.7567567567567579,150000,0.0635466198056646,Petrol,Individual,Manual
0.7837837837837824,950000,0.0332558624265819,Diesel,Individual,Manual
0.6486486486486527,190000,0.0487189763333864,Petrol,Dealer,Manual
0.7297297297297334,250000,0.0169454546070759,Petrol,Individual,Manual
0.7567567567567579,175000,0.0363061205123077,Diesel,Individual,Manual
0.7027027027027017,145000,0.0211819241705839,Petrol,Individual,Manual
0.8918918918918948,390000,0.0338913328611081,Petrol,Individual,Manual
0.8378378378378386,325000,0.0222164700379926,Petrol,Trustmark Dealer,Manual
0.7027027027027017,140000,0.0381278024246162,Petrol,Individual,Manual
0.7567567567567579,525000,0.0296548632976001,Diesel,Individual,Automatic
0.8108108108108141,500000,0.0296548632976001,Diesel,Individual,Manual
0.8378378378378386,300000,0.0296548632976001,Petrol,Individual,Manual
0.9189189189189192,813000,0.0466007415516323,Diesel,Individual,Manual
0.8918918918918948,650000,0.0106165927261512,Diesel,Dealer,Manual
0.9189189189189192,600000,0.0148789047539966,Diesel,Dealer,Manual
0.4864864864864842,52000,0.0296548632976001,Petrol,Individual,Manual
0.9459459459459438,600000,0.0084725154800597,Petrol,Individual,Manual
0.7297297297297334,325000,0.0508372111151404,Diesel,Individual,Manual
0.7027027027027017,80000,0.0338913328611081,Petrol,Individual,Manual
0.9459459459459438,4000000,0.0288075693848985,Petrol,Individual,Automatic
0.8378378378378386,495000,0.0165218076507251,Diesel,Dealer,Manual
0.8108108108108141,325000,0.0330440389484065,Diesel,Dealer,Manual
0.8918918918918948,2100000,0.0338913328611081,Diesel,Individual,Automatic
0.7837837837837824,225000,0.0466007415516323,Petrol,Individual,Manual
0.8648648648648631,245000,0.0135562789562694,Petrol,Dealer,Manual
0.8918918918918948,425000,0.0288075693848985,Diesel,Individual,Manual
0.8378378378378386,4400000,0.0423642719881243,Diesel,Individual,Automatic
0.7567567567567579,450000,0.0572766448516727,Diesel,Dealer,Manual
0.7567567567567579,260000,0.0381278024246162,Diesel,Individual,Manual
0.621621621621621,80000,0.0296548632976001,Petrol,Individual,Manual
0.9729729729729756,779000,0.0029786617501025,Petrol,Trustmark Dealer,Automatic
0.7837837837837824,385000,0.0220292180832856,Diesel,Dealer,Manual
0.8648648648648631,530000,0.0466007415516323,Diesel,Individual,Manual
0.8648648648648631,416000,0.0169454546070759,Petrol,Individual,Automatic
0.7297297297297334,114999,0.0296548632976001,Petrol,Individual,Manual
0.7567567567567579,260000,0.0529554458968945,Diesel,Individual,Manual
0.7297297297297334,290000,0.0371195226685013,Diesel,Dealer,Automatic
0.8648648648648631,760000,0.0234441989174972,Petrol,Trustmark Dealer,Manual
0.8918918918918948,300000,0.0381278024246162,Petrol,Individual,Manual
0.8108108108108141,450000,0.0004232233093944,Diesel,Dealer,Manual
0.7837837837837824,415000,0.0347733658242305,Diesel,Dealer,Manual
0.8648648648648631,760000,0.0234441989174972,Petrol,Trustmark Dealer,Manual
0.9729729729729756,5200000,0.0042360459165517,Diesel,Dealer,Automatic
0.7837837837837824,420000,0.0466007415516323,Diesel,Individual,Manual
0.7027027027027017,120000,0.0593101502421566,Petrol,Individual,Manual
0.8648648648648631,490000,0.0251578508559363,Diesel,Dealer,Manual
0.8108108108108141,325000,0.027536628515846,Diesel,Dealer,Manual
0.6486486486486527,80000,0.0338913328611081,Petrol,Individual,Manual
0.8378378378378386,600000,0.0056213714638188,Diesel,Individual,Manual
0.6486486486486527,240000,0.0338913328611081,Diesel,Individual,Manual
0.7837837837837824,250000,0.0105907502618138,Petrol,Individual,Manual
0.8378378378378386,550000,0.0211819241705839,Diesel,Individual,Manual
0.8108108108108141,350000,0.0296548632976001,Petrol,Individual,Manual
0.9729729729729756,3800000,0.0084725154800597,Diesel,Individual,Automatic
0.9729729729729756,290000,0.0088961624364105,Petrol,Individual,Manual
0.7027027027027017,90000,0.0211819241705839,Petrol,Individual,Manual
0.7027027027027017,180000,0.0211819241705839,Petrol,Individual,Manual
0.7027027027027017,100000,0.0423642719881243,Petrol,Individual,Manual
0.7837837837837824,215000,0.0410933311190719,Diesel,Individual,Manual
1.0,802000,0.0021178111347976,Petrol,Individual,Manual
0.9459459459459438,1000000,0.0169454546070759,Diesel,Individual,Manual
0.9459459459459438,635000,0.0169454546070759,Petrol,Individual,Manual
0.8378378378378386,475000,0.0169454546070759,Petrol,Individual,Manual
0.8918918918918948,550000,0.0156745137380234,Petrol,Individual,Manual
0.8378378378378386,317000,0.0063542806983057,Diesel,Individual,Manual
0.9459459459459438,750000,0.0063542806983057,Petrol,Individual,Manual
0.8378378378378386,285000,0.0377575349847656,Diesel,Individual,Manual
0.8918918918918948,1950000,0.0508372111151404,Diesel,Individual,Manual
0.567567567567572,80000,0.1051487509193138,Diesel,Individual,Manual
0.8918918918918948,1650000,0.0381278024246162,Diesel,Dealer,Manual
0.621621621621621,125000,0.0296548632976001,Petrol,Individual,Automatic
0.7567567567567579,175000,0.0296548632976001,Petrol,Individual,Manual
0.8918918918918948,550000,0.0239330875051261,Petrol,Trustmark Dealer,Manual
0.7297297297297334,150000,0.0423642719881243,Petrol,Individual,Manual
0.9189189189189192,400000,0.0220292180832856,Petrol,Individual,Manual
0.8648648648648631,370000,0.0508372111151404,Diesel,Individual,Manual
0.8108108108108141,600000,0.0190636893888299,Diesel,Individual,Manual
0.8108108108108141,185000,0.027536628515846,Diesel,Individual,Manual
0.9189189189189192,484999,0.0110143972181646,Petrol,Individual,Manual
0.8108108108108141,250000,0.084728967623205,Diesel,Individual,Manual
0.8108108108108141,105000,0.002287269917338,Petrol,Individual,Manual
1.0,415000,0.0063542806983057,Petrol,Individual,Manual
1.0,654000,0.0004232233093944,Petrol,Individual,Automatic
0.621621621621621,80000,0.0466007415516323,Petrol,Individual,Manual
0.8918918918918948,430000,0.0084725154800597,Diesel,Individual,Manual
0.6756756756756772,150000,0.025418393734092,Diesel,Individual,Manual
0.621621621621621,70000,0.0338913328611081,Petrol,Individual,Manual
0.3513513513513544,40000,0.0135562789562694,Petrol,Individual,Manual
0.7837837837837824,135000,0.0618520319802614,Diesel,Individual,Manual
0.7027027027027017,220000,0.0286296376632311,Petrol,Individual,Manual
0.8648648648648631,900000,0.0423642719881243,Diesel,Individual,Automatic
0.9189189189189192,650000,0.025418393734092,Diesel,Individual,Automatic
0.9189189189189192,600000,0.0169454546070759,Petrol,Individual,Manual
0.8918918918918948,275000,0.0160981606943743,Petrol,Dealer,Manual
0.621621621621621,90000,0.0711722650199791,Petrol,Individual,Manual
0.9189189189189192,600000,0.0103789267836384,Diesel,Dealer,Manual
0.7297297297297334,1200000,0.0423642719881243,Diesel,Individual,Manual
0.7837837837837824,265000,0.0084725154800597,Petrol,Individual,Manual
0.9189189189189192,700000,0.0182163954761283,Petrol,Dealer,Manual
0.7567567567567579,150000,0.0508372111151404,Diesel,Individual,Manual
0.8918918918918948,725000,0.0228765119959872,Diesel,Individual,Manual
0.8108108108108141,310000,0.0423642719881243,Diesel,Individual,Manual
0.7837837837837824,231000,0.0296548632976001,LPG,Individual,Manual
0.7027027027027017,270000,0.0338913328611081,Petrol,Individual,Manual
0.8378378378378386,290000,0.0105907502618138,Petrol,Individual,Manual
0.7567567567567579,425000,0.025418393734092,Diesel,Individual,Manual
0.8108108108108141,365000,0.0508372111151404,Diesel,Individual,Manual
0.7297297297297334,270000,0.0508372111151404,Diesel,Individual,Manual
0.9729729729729756,800000,0.0148272198253218,Petrol,Individual,Manual
0.8378378378378386,780000,0.0245710998213904,Diesel,Dealer,Manual
0.8648648648648631,450000,0.0508372111151404,Diesel,Individual,Manual
0.8378378378378386,260000,0.0160981606943743,Diesel,Individual,Manual
0.8648648648648631,830000,0.0296548632976001,Diesel,Individual,Manual
0.8378378378378386,1250000,0.0177927485197775,Petrol,Individual,Automatic
0.9459459459459438,850000,0.0211819241705839,Petrol,Individual,Manual
0.8918918918918948,535000,0.022283406257096,Diesel,Individual,Manual
0.7297297297297334,140000,0.0338913328611081,Petrol,Individual,Manual
0.7027027027027017,135000,0.0211819241705839,Petrol,Individual,Manual
0.8108108108108141,350000,0.0338913328611081,Diesel,Individual,Manual
0.8648648648648631,500000,0.0105907502618138,Petrol,Individual,Manual
0.7567567567567579,500000,0.0421524485099489,Diesel,Individual,Manual
0.5945945945945965,100000,0.0525317989405436,Petrol,Individual,Manual
0.9729729729729756,1100000,0.0169454546070759,Diesel,Individual,Manual
0.8108108108108141,1550000,0.0321120156444348,Diesel,Dealer,Automatic
0.8378378378378386,725000,0.0466007415516323,Diesel,Individual,Manual
0.8648648648648631,400000,0.0381278024246162,Petrol,Individual,Manual
0.7837837837837824,350000,0.0169454546070759,Diesel,Individual,Manual
0.8918918918918948,300000,0.0084725154800597,Petrol,Individual,Manual
0.8648648648648631,715000,0.0148272198253218,Diesel,Individual,Manual
0.9459459459459438,430000,0.0021178111347976,Petrol,Individual,Manual
0.9459459459459438,310000,0.0055069867856041,Petrol,Individual,Manual
0.9459459459459438,640000,0.0105907502618138,Petrol,Individual,Automatic
0.9189189189189192,650000,0.0021178111347976,Petrol,Individual,Manual
0.8918918918918948,340000,0.0237238059086888,Petrol,Dealer,Manual
0.8108108108108141,480000,0.0370483499798344,Diesel,Dealer,Manual
0.8918918918918948,750000,0.0148272198253218,Diesel,Individual,Manual
0.8648648648648631,250000,0.0338913328611081,Petrol,Individual,Manual
0.7027027027027017,280000,0.0508372111151404,Diesel,Individual,Manual
0.9189189189189192,650000,0.0136965060988215,Diesel,Individual,Manual
0.6756756756756772,160000,0.0423642719881243,Petrol,Individual,Manual
0.6486486486486527,70000,0.023300158952338,Petrol,Individual,Manual
0.7567567567567579,280000,0.0139799259126202,Petrol,Individual,Manual
0.8918918918918948,403000,0.0127089850435678,Diesel,Individual,Manual
0.7567567567567579,100000,0.0338913328611081,Diesel,Individual,Manual
0.7567567567567579,300000,0.0338913328611081,Diesel,Individual,Manual
0.7837837837837824,260000,0.0466007415516323,Diesel,Individual,Manual
0.8108108108108141,315000,0.0360095676428622,Diesel,Individual,Manual
0.8108108108108141,1580000,0.036433214599213,Diesel,Dealer,Automatic
0.8648648648648631,800000,0.0042360459165517,Petrol,Individual,Manual
0.9189189189189192,400000,0.0127089850435678,Petrol,Individual,Automatic
0.8378378378378386,600000,0.0423642719881243,Diesel,Individual,Manual
0.5945945945945965,70000,0.0796452041469953,Petrol,Individual,Manual
0.7837837837837824,300000,0.0423642719881243,Diesel,Individual,Manual
0.5135135135135158,145000,0.0423642719881243,Petrol,Individual,Manual
0.7297297297297334,270000,0.025418393734092,Petrol,Individual,Manual
0.9459459459459438,790000,0.0082907709357852,Diesel,Dealer,Manual
0.8918918918918948,470000,0.0100400092185577,Petrol,Individual,Manual
0.7837837837837824,500000,0.0321967450357049,Diesel,Individual,Manual
0.9729729729729756,990000,0.0063542806983057,Petrol,Individual,Manual
0.9729729729729756,5200000,0.0072015746110073,Petrol,Dealer,Automatic
0.8378378378378386,390000,0.025418393734092,Diesel,Individual,Manual
0.7297297297297334,300000,0.0211819241705839,Petrol,Individual,Manual
0.8378378378378386,400000,0.0212132740453539,Diesel,Individual,Manual
0.8108108108108141,185000,0.027536628515846,Diesel,Individual,Manual
0.8378378378378386,250000,0.0211819241705839,Petrol,Individual,Manual
0.7837837837837824,400000,0.0439127016135865,Diesel,Individual,Manual
0.8378378378378386,530000,0.0381278024246162,Diesel,Individual,Manual
0.9729729729729756,695000,0.0084725154800597,Petrol,Individual,Automatic
0.567567567567572,121000,0.0466007415516323,Petrol,Individual,Manual
0.8108108108108141,180000,0.084728967623205,Diesel,Individual,Manual
0.8108108108108141,200000,0.025418393734092,Petrol,Individual,Manual
0.5945945945945965,80000,0.0508372111151404,Petrol,Individual,Manual
0.7837837837837824,1800000,0.0211819241705839,Diesel,Individual,Automatic
0.7567567567567579,250000,0.0466007415516323,Petrol,Individual,Manual
0.8918918918918948,670000,0.0030091643309597,Petrol,Trustmark Dealer,Manual
0.7027027027027017,160000,0.0381278024246162,Diesel,Individual,Manual
0.7297297297297334,220000,0.0197131401729157,Petrol,Dealer,Manual
0.6486486486486527,120000,0.0338913328611081,Petrol,Individual,Manual
0.6756756756756772,155000,0.025418393734092,Petrol,Individual,Manual
0.9189189189189192,250000,0.0084725154800597,Petrol,Individual,Manual
0.5945945945945965,60000,0.025418393734092,Petrol,Individual,Manual
0.8918918918918948,412000,0.0105907502618138,Petrol,Individual,Manual
0.8108108108108141,440000,0.0317730980793541,Diesel,Individual,Manual
0.9459459459459438,700000,0.0042360459165517,Petrol,Individual,Manual
0.8648648648648631,800000,0.0211819241705839,Petrol,Individual,Manual
0.5945945945945965,285000,0.0338913328611081,Petrol,Individual,Automatic
0.7027027027027017,198000,0.038551449380967,Petrol,Individual,Manual
0.621621621621621,125000,0.0249947467777412,Petrol,Individual,Manual
0.8378378378378386,300000,0.0148272198253218,Petrol,Individual,Manual
0.8378378378378386,420000,0.0381278024246162,Diesel,Individual,Manual
0.9729729729729756,1227000,0.0021178111347976,Petrol,Individual,Automatic
0.8648648648648631,850000,0.0732904998017332,Diesel,Individual,Manual
0.8378378378378386,500000,0.0190636893888299,Petrol,Individual,Manual
0.9189189189189192,635000,0.0508372111151404,Petrol,Individual,Automatic
0.8648648648648631,650000,0.0423642719881243,Diesel,Individual,Manual
0.7567567567567579,250000,0.0593101502421566,Petrol,Individual,Automatic
0.7567567567567579,135000,0.0381278024246162,Petrol,Individual,Manual
0.6756756756756772,175000,0.0169454546070759,Petrol,Individual,Manual
0.9189189189189192,573000,0.0127089850435678,Petrol,Individual,Manual
0.9729729729729756,5500000,0.0036005754820255,Diesel,Dealer,Automatic
0.6756756756756772,100000,0.0826107328414509,Petrol,Individual,Manual
0.8918918918918948,550000,0.0239330875051261,Petrol,Trustmark Dealer,Manual
0.9189189189189192,500000,0.0084725154800597,Petrol,Individual,Manual
0.5945945945945965,151000,0.084728967623205,Diesel,Individual,Manual
0.9729729729729756,950000,0.0072015746110073,Diesel,Individual,Manual
0.7567567567567579,800000,0.025418393734092,Diesel,Individual,Manual
0.9189189189189192,900000,0.0211819241705839,Diesel,Individual,Manual
0.9459459459459438,600000,0.0084725154800597,Petrol,Individual,Manual
0.8108108108108141,1300000,0.0593101502421566,Diesel,Individual,Automatic
0.9189189189189192,700000,0.025418393734092,Diesel,Individual,Manual
0.8918918918918948,650000,0.034314979817459,Diesel,Dealer,Manual
0.8378378378378386,570000,0.0296548632976001,Diesel,Individual,Manual
0.8378378378378386,400000,0.0296548632976001,Diesel,Individual,Manual
0.9459459459459438,1400000,0.0127089850435678,Diesel,Individual,Manual
0.7567567567567579,300000,0.0504135641587896,Diesel,Individual,Manual
0.6486486486486527,150000,0.0296548632976001,Petrol,Individual,Manual
0.8918918918918948,450000,0.0024567286998783,Petrol,Individual,Manual
0.8108108108108141,950000,0.0338913328611081,Diesel,Individual,Manual
0.7297297297297334,120000,0.0423642719881243,Diesel,Individual,Manual
0.9189189189189192,795000,0.0508372111151404,Diesel,Individual,Manual
0.9459459459459438,2475000,0.0008468702657452,Diesel,Dealer,Automatic
0.9189189189189192,550000,0.0194873363451807,Petrol,Individual,Manual
0.7027027027027017,110000,0.0478716824206848,Petrol,Individual,Manual
0.7837837837837824,300000,0.0381278024246162,Diesel,Individual,Manual
0.7027027027027017,340000,0.0347386267738098,Petrol,Individual,Manual
0.8108108108108141,300000,0.084728967623205,Diesel,Individual,Manual
0.8108108108108141,450000,0.0004232233093944,Diesel,Dealer,Manual
0.5945945945945965,130000,0.0381278024246162,Diesel,Individual,Manual
0.7567567567567579,200000,0.0508372111151404,Diesel,Individual,Manual
0.8648648648648631,503000,0.0466007415516323,Diesel,Individual,Manual
0.8108108108108141,280000,0.0220292180832856,Diesel,Dealer,Manual
0.7567567567567579,270000,0.0529554458968945,Diesel,Individual,Manual
0.7027027027027017,250000,0.341712787698648,Petrol,Dealer,Manual
0.8918918918918948,425000,0.0127089850435678,Petrol,Individual,Manual
0.7567567567567579,320000,0.0466007415516323,Diesel,Individual,Manual
0.9189189189189192,520000,0.0044521058642906,Petrol,Dealer,Automatic
0.8648648648648631,1225000,0.0165218076507251,Diesel,Dealer,Manual
0.7567567567567579,300000,0.0296548632976001,Petrol,Individual,Automatic
0.6756756756756772,140000,0.0635466198056646,Diesel,Individual,Manual
0.8108108108108141,500000,0.025418393734092,Petrol,Individual,Manual
0.9189189189189192,570000,0.0186726632481181,Petrol,Dealer,Automatic
0.6756756756756772,69000,0.0423642719881243,Petrol,Individual,Manual
0.8648648648648631,475000,0.025418393734092,Diesel,Individual,Manual
0.9189189189189192,625000,0.0108186723243305,Petrol,Trustmark Dealer,Manual
0.8108108108108141,910000,0.0466007415516323,Diesel,Individual,Manual
0.9189189189189192,455000,0.0144679672063364,Petrol,Dealer,Manual
0.7027027027027017,142000,0.0296548632976001,Petrol,Individual,Manual
0.9189189189189192,695000,0.0211819241705839,Diesel,Individual,Manual
0.8918918918918948,850000,0.0305500293163693,Diesel,Individual,Manual
0.7837837837837824,325000,0.0338913328611081,Diesel,Individual,Manual
0.8378378378378386,320000,0.0338913328611081,Petrol,Individual,Manual
0.9459459459459438,841000,0.0004232233093944,Diesel,Individual,Manual
0.7837837837837824,240000,0.0169454546070759,Petrol,Dealer,Manual
0.7027027027027017,210000,0.0381278024246162,Diesel,Individual,Manual
0.6756756756756772,120000,0.0508372111151404,Diesel,Individual,Manual
0.8918918918918948,360000,0.0466007415516323,Diesel,Individual,Manual
0.9459459459459438,740000,0.0164442802577129,Diesel,Dealer,Manual
0.8918918918918948,1670000,0.0105907502618138,Diesel,Individual,Manual
0.9189189189189192,1825000,0.0245710998213904,Petrol,Dealer,Automatic
0.7297297297297334,320000,0.1270936632582857,Diesel,Individual,Manual
0.8648648648648631,170000,0.0084725154800597,Petrol,Individual,Manual
0.8108108108108141,430000,0.0266893346031444,Diesel,Individual,Manual
0.9459459459459438,445000,0.0021178111347976,Petrol,Individual,Automatic
0.7297297297297334,160000,0.0381278024246162,Petrol,Individual,Manual
0.9729729729729756,757000,0.0105907502618138,Diesel,Individual,Manual
0.8378378378378386,500000,0.0550736806786485,Diesel,Individual,Manual
0.9459459459459438,790000,0.0063542806983057,Petrol,Individual,Manual
0.8378378378378386,450000,0.0419901917256665,Diesel,Dealer,Manual
0.9459459459459438,700000,0.0042360459165517,Petrol,Individual,Manual
0.5135135135135158,60000,0.0508372111151404,Petrol,Individual,Manual
0.8378378378378386,290000,0.0338913328611081,Petrol,Individual,Manual
0.8918918918918948,675000,0.025418393734092,Diesel,Individual,Manual
0.8108108108108141,225000,0.0247164107274187,Petrol,Trustmark Dealer,Manual
0.7027027027027017,300000,0.025418393734092,Petrol,Individual,Manual
0.9459459459459438,395000,0.0084725154800597,Petrol,Individual,Manual
0.621621621621621,100000,0.0169454546070759,Petrol,Individual,Manual
0.7297297297297334,144000,0.0211819241705839,Diesel,Individual,Manual
0.6486486486486527,130000,0.0423642719881243,Diesel,Individual,Manual
0.7027027027027017,140000,0.0508372111151404,Diesel,Individual,Manual
0.8918918918918948,690000,0.0317730980793541,Diesel,Individual,Manual
0.6486486486486527,229999,0.0508372111151404,Diesel,Individual,Manual
0.8378378378378386,511000,0.0423642719881243,Diesel,Individual,Manual
0.9459459459459438,740000,0.0164442802577129,Diesel,Dealer,Manual
0.8648648648648631,509999,0.0182163954761283,Petrol,Individual,Manual
0.8648648648648631,281000,0.0169454546070759,Diesel,Individual,Manual
0.8378378378378386,240000,0.0381278024246162,Diesel,Individual,Manual
0.9459459459459438,950000,0.0063542806983057,Diesel,Individual,Automatic
0.9459459459459438,600000,0.0295612373202465,Petrol,Dealer,Automatic
0.8378378378378386,509999,0.0466007415516323,Diesel,Individual,Manual
0.7837837837837824,1400000,0.0211819241705839,Diesel,Individual,Automatic
0.9729729729729756,599000,0.0063542806983057,Diesel,Individual,Manual
0.9729729729729756,5500000,0.0036005754820255,Diesel,Dealer,Automatic
0.8108108108108141,520000,0.0466007415516323,Diesel,Individual,Manual
0.9189189189189192,1975000,0.0046596928729025,Petrol,Dealer,Automatic
0.6756756756756772,200000,0.0381278024246162,Petrol,Individual,Manual
1.0,1500000,0.0211819241705839,Diesel,Individual,Manual
1.0,570000,0.0021178111347976,Petrol,Individual,Manual
0.8648648648648631,1250000,0.0160981606943743,Diesel,Dealer,Manual
0.6486486486486527,125000,0.0211819241705839,Petrol,Individual,Manual
0.9729729729729756,1000000,0.0042360459165517,Diesel,Individual,Manual
0.8918918918918948,400000,0.0148272198253218,Petrol,Individual,Automatic
0.9189189189189192,450000,0.0238466635260305,Diesel,Dealer,Manual
0.8918918918918948,580000,0.0241474528650396,Diesel,Individual,Manual
0.8918918918918948,749000,0.0105907502618138,Petrol,Individual,Manual
0.9459459459459438,650000,0.0063542806983057,Petrol,Individual,Manual
0.5945945945945965,160000,0.0283839224285477,Petrol,Individual,Manual
0.7297297297297334,350000,0.0466007415516323,Petrol,Individual,Manual
0.7297297297297334,140000,0.0296548632976001,Petrol,Individual,Manual
0.9459459459459438,740000,0.0164442802577129,Diesel,Dealer,Manual
0.9189189189189192,850000,0.0423642719881243,Diesel,Individual,Manual
0.8108108108108141,700000,0.0262656876467936,Diesel,Dealer,Manual
0.9189189189189192,1000000,0.0063542806983057,Petrol,Individual,Automatic
0.8378378378378386,500000,0.0508372111151404,Diesel,Individual,Manual
0.9189189189189192,710000,0.0508372111151404,Diesel,Individual,Manual
1.0,4700000,0.0006350467875698,Diesel,Individual,Automatic
0.9189189189189192,285000,0.0105907502618138,Petrol,Individual,Manual
0.7027027027027017,180000,0.0296548632976001,Petrol,Individual,Manual
0.8648648648648631,200000,0.0211819241705839,Petrol,Individual,Manual
0.5945945945945965,110000,0.0338913328611081,Petrol,Individual,Manual
0.9189189189189192,850000,0.0686303832818743,Diesel,Individual,Manual
0.8648648648648631,300000,0.0093198093927613,Petrol,Individual,Manual
0.9189189189189192,1050000,0.0131326319999186,Diesel,Dealer,Automatic
0.7567567567567579,340000,0.0677830893691727,Diesel,Individual,Manual
0.7837837837837824,200000,0.0211819241705839,Petrol,Individual,Manual
0.9189189189189192,625000,0.0108186723243305,Petrol,Trustmark Dealer,Manual
0.7837837837837824,330000,0.036433214599213,Diesel,Individual,Manual
0.8378378378378386,305000,0.0279602754721968,Diesel,Individual,Manual
0.7837837837837824,1350000,0.0381278024246162,Diesel,Individual,Automatic
0.567567567567572,33351,0.0381278024246162,Petrol,Individual,Manual
0.8378378378378386,400000,0.0423642719881243,Petrol,Individual,Manual
0.9729729729729756,1200000,0.0063542806983057,Diesel,Individual,Manual
0.8918918918918948,1000000,0.0296548632976001,Diesel,Individual,Manual
0.9459459459459438,600000,0.0295612373202465,Petrol,Dealer,Automatic
0.9189189189189192,600000,0.0197021253520506,Diesel,Trustmark Dealer,Manual
0.6756756756756772,260000,0.0508372111151404,Diesel,Individual,Manual
0.8918918918918948,600000,0.0635466198056646,Diesel,Individual,Manual
0.8378378378378386,600000,0.1008275519645356,Diesel,Individual,Manual
0.9729729729729756,625000,0.001836933202737,Petrol,Dealer,Automatic
0.7837837837837824,175000,0.0381278024246162,Diesel,Individual,Manual
0.9189189189189192,2750000,0.0055069867856041,Diesel,Individual,Automatic
0.8918918918918948,239000,0.0173691015634267,Petrol,Dealer,Manual
0.8648648648648631,445000,0.017030183998346,Diesel,Dealer,Manual
0.8108108108108141,225000,0.0247164107274187,Petrol,Trustmark Dealer,Manual
0.9189189189189192,660000,0.0491426232897372,Diesel,Individual,Manual
0.8108108108108141,850000,0.0363103569818713,Diesel,Dealer,Manual
0.6486486486486527,70000,0.0466007415516323,Diesel,Individual,Manual
0.9189189189189192,1189000,0.0169454546070759,Diesel,Dealer,Manual
0.9729729729729756,900000,0.025418393734092,Diesel,Individual,Manual
0.8648648648648631,700000,0.0084725154800597,Diesel,Individual,Manual
0.8918918918918948,645000,0.0046596928729025,Petrol,Dealer,Automatic
0.9729729729729756,650000,0.0023808958946915,Petrol,Trustmark Dealer,Automatic
0.7837837837837824,300000,0.0466007415516323,Diesel,Individual,Manual
0.7837837837837824,551000,0.0720195589326808,Diesel,Individual,Manual
0.9729729729729756,1550000,0.0118616911308662,Diesel,Individual,Manual
0.5405405405405403,125000,0.0508372111151404,Diesel,Individual,Manual
0.8918918918918948,620000,0.0119379475830093,Diesel,Dealer,Manual
0.6756756756756772,105000,0.0381278024246162,Diesel,Individual,Manual
0.8108108108108141,830000,0.0910836719684671,Diesel,Individual,Manual
0.7297297297297334,965000,0.0211920916975364,Diesel,Dealer,Manual
0.6756756756756772,120000,0.0741377937144348,Diesel,Individual,Manual
0.8648648648648631,250000,0.0105907502618138,Petrol,Individual,Manual
0.8108108108108141,375000,0.0423642719881243,Petrol,Individual,Manual
0.621621621621621,110000,0.0428302836401102,Diesel,Individual,Manual
0.9189189189189192,1900000,0.0085225058209091,Petrol,Dealer,Automatic
0.8108108108108141,215000,0.0105907502618138,Petrol,Individual,Manual
0.7027027027027017,340000,0.0906600250121163,Diesel,Individual,Manual
0.7837837837837824,280000,0.0446341723802519,Diesel,Individual,Manual
0.9189189189189192,720000,0.025418393734092,Diesel,Individual,Manual
0.9189189189189192,450000,0.0238466635260305,Diesel,Dealer,Manual
0.567567567567572,120000,0.0338913328611081,Petrol,Individual,Manual
0.7297297297297334,110000,0.0372805085119146,Diesel,Individual,Manual
0.8108108108108141,310000,0.0614283850239106,Diesel,Individual,Manual
0.9189189189189192,830000,0.0148272198253218,Diesel,Individual,Manual
0.7837837837837824,204999,0.0508372111151404,Diesel,Individual,Manual
0.7837837837837824,225000,0.0369572658842189,Diesel,Dealer,Manual
0.567567567567572,70000,0.0296548632976001,Petrol,Individual,Manual
0.9189189189189192,440000,0.0127089850435678,Petrol,Individual,Manual
0.9459459459459438,910000,0.0084725154800597,Diesel,Dealer,Manual
0.9189189189189192,2625000,0.0038123989602009,Diesel,Dealer,Automatic
0.9189189189189192,930000,0.0050833398292533,Diesel,Individual,Manual
0.8648648648648631,265000,0.0228765119959872,Petrol,Individual,Manual
0.8378378378378386,450000,0.0127089850435678,Petrol,Individual,Manual
0.8648648648648631,350000,0.0381278024246162,Diesel,Individual,Manual
0.9729729729729756,650000,0.0023808958946915,Petrol,Trustmark Dealer,Automatic
0.8648648648648631,390000,0.0136664271649206,Petrol,Dealer,Manual
1.0,630000,0.0021178111347976,Petrol,Individual,Manual
0.9189189189189192,1450000,0.034314979817459,Diesel,Individual,Manual
0.7567567567567579,280000,0.0406696841627211,Petrol,Individual,Manual
0.8108108108108141,350000,0.0466007415516323,Diesel,Individual,Manual
0.8918918918918948,700000,0.0169454546070759,Diesel,Individual,Manual
0.9459459459459438,900000,0.0148272198253218,Diesel,Individual,Manual
0.8918918918918948,550000,0.0063542806983057,Petrol,Individual,Manual
0.8378378378378386,220000,0.0393987432936686,Petrol,Individual,Manual
0.9729729729729756,350000,0.0063542806983057,Petrol,Individual,Manual
0.6756756756756772,220000,0.0360095676428622,Diesel,Individual,Manual
0.8108108108108141,625000,0.0677830893691727,Diesel,Individual,Manual
0.8108108108108141,600000,0.0381278024246162,Diesel,Individual,Automatic
0.6486486486486527,100000,0.0381278024246162,Petrol,Individual,Manual
0.9459459459459438,800000,0.0148272198253218,Diesel,Individual,Manual
0.8648648648648631,375000,0.0283839224285477,Diesel,Individual,Manual
0.7837837837837824,300000,0.0338913328611081,Diesel,Individual,Manual
0.9189189189189192,660000,0.0347386267738098,Diesel,Individual,Manual
0.9189189189189192,680000,0.0194873363451807,Petrol,Individual,Manual
0.6756756756756772,250000,0.0347386267738098,Diesel,Individual,Manual
0.9459459459459438,825000,0.0148272198253218,Diesel,Individual,Manual
0.8918918918918948,350000,0.0508372111151404,Diesel,Individual,Manual
0.9189189189189192,650000,0.0169454546070759,Diesel,Individual,Manual
0.9189189189189192,450000,0.0238466635260305,Diesel,Dealer,Manual
0.9189189189189192,957000,0.025418393734092,Diesel,Individual,Manual
0.7027027027027017,180000,0.0360095676428622,Diesel,Individual,Manual
0.7567567567567579,600000,0.0974383763137292,Diesel,Individual,Manual
0.8918918918918948,535000,0.022283406257096,Diesel,Individual,Manual
0.8648648648648631,650000,0.0241474528650396,Diesel,Dealer,Manual
0.9729729729729756,550000,0.025418393734092,Petrol,Individual,Automatic
0.6756756756756772,130000,0.0127089850435678,Petrol,Individual,Manual
0.8648648648648631,440000,0.0466007415516323,Diesel,Individual,Manual
0.8918918918918948,350000,0.0084725154800597,Petrol,Individual,Manual
0.8108108108108141,240000,0.0461415082509481,Petrol,Individual,Manual
0.9729729729729756,550000,0.0042360459165517,Petrol,Individual,Manual
0.7567567567567579,170000,0.0741377937144348,Diesel,Individual,Manual
0.7297297297297334,150000,0.0720195589326808,Petrol,Individual,Manual
0.9189189189189192,680000,0.0300785102539509,Diesel,Individual,Manual
0.7297297297297334,819999,0.0508372111151404,Diesel,Individual,Manual
0.8918918918918948,340000,0.0127089850435678,Petrol,Individual,Manual
0.7567567567567579,550000,0.0228765119959872,Diesel,Individual,Manual
0.9459459459459438,1864999,0.0211819241705839,Petrol,Dealer,Automatic
0.9189189189189192,580000,0.0402460372063702,Diesel,Individual,Manual
0.8918918918918948,400000,0.0105907502618138,Petrol,Individual,Manual
0.7837837837837824,290000,0.0105907502618138,Petrol,Individual,Manual
0.8108108108108141,425000,0.0279602754721968,Petrol,Individual,Manual
0.7297297297297334,180000,0.0466007415516323,Diesel,Individual,Manual
0.8108108108108141,395000,0.0148272198253218,Petrol,Individual,Automatic
0.8918918918918948,2000000,0.0288452739640137,Petrol,Trustmark Dealer,Automatic
0.9189189189189192,415000,0.0063542806983057,Petrol,Individual,Manual
0.7567567567567579,150000,0.0423642719881243,Diesel,Individual,Manual
0.9189189189189192,869999,0.025418393734092,Diesel,Individual,Manual
0.7567567567567579,211000,0.0182706222865412,Diesel,Dealer,Manual
0.7837837837837824,300000,0.0326203919920557,Diesel,Individual,Manual
0.8108108108108141,300000,0.0349504502519852,Diesel,Individual,Manual
0.8108108108108141,650000,0.0363103569818713,Diesel,Dealer,Manual
0.6756756756756772,75527,0.0338913328611081,Petrol,Individual,Manual
0.7837837837837824,450000,0.0381278024246162,Diesel,Individual,Manual
0.8648648648648631,300000,0.0381278024246162,Diesel,Individual,Manual
0.9189189189189192,2625000,0.0038123989602009,Diesel,Dealer,Automatic
0.7837837837837824,280000,0.0466007415516323,Petrol,Individual,Manual
0.6756756756756772,160000,0.0338913328611081,Petrol,Individual,Manual
0.8108108108108141,20000,0.010167103305463,Petrol,Individual,Manual
0.9189189189189192,295000,0.0148272198253218,Petrol,Individual,Manual
0.7567567567567579,370000,0.0389170567042978,Diesel,Individual,Manual
0.6756756756756772,160000,0.0423642719881243,Petrol,Individual,Manual
0.9459459459459438,459999,0.0169454546070759,Petrol,Individual,Manual
0.9729729729729756,650000,0.0023808958946915,Petrol,Trustmark Dealer,Automatic
0.8918918918918948,500000,0.0160981606943743,Petrol,Individual,Manual
0.7837837837837824,585000,0.0305021572103017,Petrol,Dealer,Manual
0.621621621621621,158000,0.0593101502421566,Petrol,Individual,Manual
0.8648648648648631,500000,0.0211819241705839,Diesel,Individual,Manual
0.7297297297297334,125000,0.025418393734092,Petrol,Individual,Manual
0.8378378378378386,1850000,0.0322522427869869,Diesel,Individual,Automatic
0.8648648648648631,500000,0.0152508667816726,Petrol,Individual,Manual
0.567567567567572,250000,0.0508372111151404,Petrol,Individual,Manual
0.5945945945945965,80000,0.0239695211433722,Petrol,Dealer,Manual
0.8648648648648631,1350000,0.0399854943282145,Diesel,Dealer,Manual
0.7837837837837824,185000,0.025418393734092,Petrol,Individual,Manual
0.8648648648648631,375000,0.0296548632976001,Petrol,Individual,Manual
0.9729729729729756,5150000,0.0084725154800597,Petrol,Dealer,Automatic
0.8648648648648631,530000,0.0741377937144348,Diesel,Individual,Manual
0.9729729729729756,760000,0.001270517222096,Petrol,Individual,Manual
0.8378378378378386,630000,0.0237238059086888,Diesel,Individual,Manual
0.9729729729729756,3800000,0.0084725154800597,Diesel,Individual,Automatic
0.8378378378378386,550000,0.0190636893888299,Diesel,Dealer,Manual
0.7567567567567579,235000,0.0338913328611081,Petrol,Individual,Manual
0.9729729729729756,450000,0.025418393734092,CNG,Individual,Manual
0.9459459459459438,451999,0.0127089850435678,Petrol,Individual,Automatic
0.9189189189189192,493000,0.0169454546070759,Petrol,Individual,Manual
0.7837837837837824,130000,0.025418393734092,Diesel,Individual,Manual
0.8918918918918948,3500000,0.0224528650396364,Diesel,Dealer,Automatic
0.9189189189189192,640000,0.0237238059086888,Diesel,Dealer,Manual
0.567567567567572,65000,0.0239068213938323,Petrol,Dealer,Manual
0.8918918918918948,2000000,0.0288452739640137,Petrol,Trustmark Dealer,Automatic
0.9189189189189192,520000,0.0044521058642906,Petrol,Dealer,Automatic
0.9189189189189192,720000,0.0148272198253218,Diesel,Individual,Manual
0.8378378378378386,850000,0.0220292180832856,Diesel,Dealer,Manual
0.7297297297297334,300000,0.0508372111151404,Diesel,Individual,Manual
0.8918918918918948,475000,0.0466007415516323,Diesel,Individual,Manual
0.8648648648648631,265000,0.0139515415665447,Petrol,Dealer,Manual
0.8648648648648631,300000,0.0148272198253218,Petrol,Individual,Manual
0.7567567567567579,320000,0.0423642719881243,Diesel,Individual,Manual
0.6486486486486527,100000,0.0165218076507251,Diesel,Individual,Manual
0.8108108108108141,198000,0.0209701006924085,Petrol,Individual,Manual
0.9189189189189192,530000,0.0275010421715126,Petrol,Individual,Manual
0.7027027027027017,140000,0.0466007415516323,Petrol,Individual,Manual
0.9729729729729756,484999,0.0020648552652538,Petrol,Dealer,Manual
0.8648648648648631,250000,0.0656648545874187,Diesel,Individual,Manual
0.8918918918918948,300000,0.0211819241705839,Petrol,Individual,Manual
0.9729729729729756,5150000,0.0084725154800597,Petrol,Dealer,Automatic
0.8918918918918948,490000,0.0423642719881243,Diesel,Individual,Manual
0.621621621621621,95000,0.0466007415516323,Petrol,Individual,Manual
0.8918918918918948,350000,0.0105907502618138,Petrol,Individual,Manual
0.8108108108108141,484999,0.0211819241705839,Diesel,Individual,Manual
0.7027027027027017,180000,0.0128678526521994,Petrol,Dealer,Manual
0.8108108108108141,530000,0.0508372111151404,Diesel,Individual,Manual
0.7297297297297334,120000,0.0720195589326808,LPG,Individual,Manual
0.7567567567567579,170000,0.0338913328611081,Diesel,Individual,Manual
0.7567567567567579,434999,0.0410933311190719,Petrol,Dealer,Automatic
0.9189189189189192,1450000,0.0029651050474992,Petrol,Dealer,Automatic
0.8648648648648631,1275000,0.0271129815594952,Diesel,Dealer,Automatic
0.9459459459459438,1200000,0.0211819241705839,Diesel,Individual,Manual
0.8378378378378386,415000,0.0344666454278325,Diesel,Dealer,Manual
0.7837837837837824,390000,0.0381278024246162,Diesel,Individual,Manual
0.9729729729729756,894999,0.0040894640696543,Petrol,Dealer,Automatic
0.9189189189189192,752000,0.0118616911308662,Diesel,Dealer,Manual
0.8918918918918948,450000,0.0166976211376106,Petrol,Trustmark Dealer,Automatic
1.0,640000,0.0016941641784468,Petrol,Individual,Automatic
0.8108108108108141,1000000,0.0169454546070759,Diesel,Individual,Automatic
0.6756756756756772,125000,0.0643939137183662,LPG,Individual,Manual
0.8378378378378386,550000,0.033806603469838,Diesel,Dealer,Manual
0.6756756756756772,100000,0.0508372111151404,Diesel,Individual,Manual
0.9459459459459438,575000,0.0042360459165517,Petrol,Individual,Manual
0.9189189189189192,340000,0.0105907502618138,Petrol,Individual,Manual
0.9459459459459438,600000,0.0295612373202465,Petrol,Dealer,Automatic
0.7567567567567579,15000,0.0148272198253218,Petrol,Individual,Manual
0.8108108108108141,349000,0.0508372111151404,Diesel,Individual,Manual
0.7297297297297334,310000,0.0423642719881243,Diesel,Individual,Manual
0.8378378378378386,500000,0.0148272198253218,Diesel,Individual,Manual
0.8648648648648631,450000,0.0171945590174101,Petrol,Dealer,Manual
0.7027027027027017,125000,0.0508372111151404,Petrol,Individual,Manual
0.567567567567572,60000,0.0478716824206848,Petrol,Individual,Manual
0.6486486486486527,120000,0.022669772281288,Petrol,Dealer,Manual
0.5945945945945965,100000,0.0423642719881243,Diesel,Individual,Manual
0.8378378378378386,240000,0.0381278024246162,Diesel,Individual,Manual
0.9459459459459438,950000,0.0090630793372128,Diesel,Dealer,Manual
0.6756756756756772,150000,0.0211819241705839,Petrol,Individual,Manual
0.8648648648648631,409999,0.025418393734092,Diesel,Individual,Manual
0.9459459459459438,765000,0.0249947467777412,Diesel,Dealer,Manual
0.7837837837837824,170000,0.0720195589326808,LPG,Individual,Manual
0.9189189189189192,500000,0.0116498676526908,Petrol,Individual,Manual
0.8108108108108141,1580000,0.036433214599213,Diesel,Dealer,Automatic
0.7837837837837824,250000,0.0410933311190719,Petrol,Individual,Manual
0.8648648648648631,409999,0.0245710998213904,Diesel,Individual,Manual
0.7567567567567579,375000,0.0305021572103017,Petrol,Dealer,Manual
0.9189189189189192,650000,0.0033887520038501,Petrol,Individual,Manual
0.9459459459459438,800000,0.0157427208979959,Diesel,Dealer,Manual
0.7837837837837824,390000,0.0338913328611081,Diesel,Individual,Manual
0.8108108108108141,450000,0.0309258041666525,Diesel,Dealer,Manual
0.3243243243243228,160000,0.0381278024246162,Diesel,Individual,Manual
0.5945945945945965,100000,0.0127089850435678,Petrol,Individual,Manual
0.8108108108108141,900000,0.0296548632976001,Diesel,Individual,Manual
0.8648648648648631,585000,0.0211819241705839,Diesel,Individual,Manual
0.8918918918918948,105000,0.0024143640042432,Petrol,Individual,Manual
0.8108108108108141,525000,0.0302903337321263,Diesel,Dealer,Manual
0.7567567567567579,360000,0.0423642719881243,Diesel,Individual,Manual
0.9189189189189192,680000,0.0186400424324791,Diesel,Dealer,Manual
0.8378378378378386,470000,0.0377041554682654,Diesel,Dealer,Manual
0.8108108108108141,220000,0.0338913328611081,Diesel,Individual,Manual
0.621621621621621,150000,0.0449061537262291,Petrol,Individual,Manual
0.8378378378378386,600000,0.0381278024246162,Diesel,Individual,Manual
0.8918918918918948,750000,0.0296548632976001,Diesel,Individual,Manual
0.8108108108108141,580000,0.0191755321853065,Diesel,Dealer,Manual
0.7837837837837824,300000,0.0228765119959872,Diesel,Individual,Manual
0.9459459459459438,950000,0.0241474528650396,Diesel,Individual,Manual
0.9189189189189192,350000,0.010167103305463,Diesel,Individual,Manual
0.5135135135135158,40000,0.0338913328611081,Petrol,Individual,Manual
0.7297297297297334,320000,0.0381278024246162,Diesel,Individual,Manual
0.7567567567567579,220000,0.094176294749828,Diesel,Individual,Manual
0.7567567567567579,550000,0.0296548632976001,Diesel,Individual,Manual
0.8648648648648631,1250000,0.0677830893691727,Diesel,Individual,Manual
0.8918918918918948,550000,0.0239330875051261,Petrol,Trustmark Dealer,Manual
0.7567567567567579,156000,0.0466007415516323,Petrol,Individual,Manual
0.9459459459459438,600000,0.0169454546070759,Petrol,Individual,Manual
0.8648648648648631,285000,0.0296548632976001,Diesel,Individual,Manual
0.9189189189189192,690000,0.0084725154800597,Petrol,Individual,Manual
0.4054054054054035,1000000,0.0148272198253218,Petrol,Individual,Automatic
0.6756756756756772,325000,0.0508372111151404,Diesel,Individual,Manual
0.9729729729729756,779000,0.0029786617501025,Petrol,Trustmark Dealer,Automatic
0.621621621621621,1050000,0.0127089850435678,Diesel,Dealer,Automatic
0.7027027027027017,120000,0.0466007415516323,Petrol,Individual,Manual
0.9189189189189192,625000,0.0211819241705839,Diesel,Individual,Manual
0.9189189189189192,500000,0.0084725154800597,Petrol,Individual,Manual
0.7837837837837824,550000,0.036433214599213,Diesel,Individual,Manual
0.9729729729729756,850000,0.0211819241705839,Diesel,Individual,Manual
0.9189189189189192,385000,0.0127089850435678,Petrol,Individual,Manual
0.9729729729729756,750000,0.0027532815693238,Petrol,Individual,Automatic
0.8648648648648631,1000000,0.0466007415516323,Diesel,Individual,Manual
0.7567567567567579,430000,0.0508372111151404,Diesel,Individual,Manual
0.7297297297297334,700000,0.0482953293770356,Petrol,Individual,Manual
0.8378378378378386,555000,0.0623938764374341,Diesel,Individual,Manual
0.7837837837837824,132000,0.0349534157806796,Diesel,Dealer,Manual
0.8378378378378386,221000,0.0556519587740673,Diesel,Individual,Manual
0.621621621621621,80000,0.0281754881260231,Petrol,Individual,Manual
0.5945945945945965,160000,0.1270936632582857,Diesel,Individual,Manual
0.7837837837837824,150000,0.0236246725209027,Petrol,Individual,Manual
0.7837837837837824,450000,0.025418393734092,Petrol,Dealer,Manual
0.7567567567567579,300000,0.0423642719881243,Diesel,Individual,Manual
0.8648648648648631,575000,0.0186400424324791,Petrol,Dealer,Automatic
0.7567567567567579,390000,0.0508372111151404,Diesel,Individual,Manual
0.7297297297297334,150000,0.0447138180080459,Petrol,Individual,Manual
0.5945945945945965,80000,0.0239695211433722,Petrol,Dealer,Manual
0.7297297297297334,250000,0.0338913328611081,Diesel,Individual,Manual
0.7567567567567579,550000,0.1059113154407453,Diesel,Individual,Manual
0.9729729729729756,450000,0.0169454546070759,Petrol,Individual,Manual
0.8378378378378386,325000,0.0340277471810531,Diesel,Dealer,Manual
0.7837837837837824,799000,0.0258844053860779,Diesel,Dealer,Automatic
0.9459459459459438,550000,0.0508372111151404,Diesel,Individual,Manual
0.7567567567567579,280000,0.0084725154800597,Petrol,Individual,Manual
0.7567567567567579,190000,0.0199109833015315,Petrol,Individual,Manual
0.8648648648648631,580000,0.0466007415516323,Diesel,Individual,Manual
0.9189189189189192,1100000,0.0084725154800597,Diesel,Individual,Manual
0.8648648648648631,490000,0.0131665237564267,Petrol,Dealer,Manual
0.7297297297297334,900000,0.1016748458772372,Diesel,Individual,Manual
0.8918918918918948,400000,0.0148272198253218,Diesel,Individual,Manual
0.7297297297297334,132000,0.0444825067698783,Petrol,Individual,Manual
0.7837837837837824,359000,0.0508372111151404,Diesel,Individual,Automatic
0.9459459459459438,700000,0.0105907502618138,Diesel,Individual,Manual
0.9189189189189192,600000,0.0197021253520506,Diesel,Trustmark Dealer,Manual
0.9729729729729756,450000,0.0008256879179277,Petrol,Individual,Manual
0.9459459459459438,600000,0.0295612373202465,Petrol,Dealer,Automatic
0.9189189189189192,595000,0.0114380441745154,Petrol,Dealer,Manual
0.6756756756756772,270000,0.0466007415516323,Diesel,Individual,Manual
0.8108108108108141,1200000,0.0466007415516323,Diesel,Individual,Automatic
0.9189189189189192,525000,0.0042360459165517,Petrol,Individual,Manual
0.8918918918918948,760000,0.0084725154800597,Petrol,Individual,Manual
0.7837837837837824,390000,0.0508372111151404,Diesel,Individual,Manual
0.9459459459459438,285000,0.0093198093927613,Petrol,Individual,Manual
0.8108108108108141,420000,0.0198326086146066,Diesel,Individual,Manual
0.7837837837837824,650000,0.0323196026530467,Diesel,Dealer,Manual
0.9459459459459438,720000,0.0063542806983057,Diesel,Individual,Manual
0.8648648648648631,470000,0.0387060805200351,Diesel,Dealer,Manual
0.9189189189189192,600000,0.0148272198253218,Petrol,Dealer,Manual
0.7837837837837824,375000,0.0148272198253218,Petrol,Dealer,Manual
0.7837837837837824,450000,0.0139799259126202,Diesel,Individual,Manual
0.8108108108108141,425000,0.0305021572103017,Diesel,Individual,Manual
0.7567567567567579,305000,0.0224528650396364,Petrol,Dealer,Manual
0.8648648648648631,650000,0.0338913328611081,Diesel,Individual,Manual
0.8918918918918948,400000,0.0084725154800597,Petrol,Individual,Manual
0.7837837837837824,200000,0.0338913328611081,Diesel,Individual,Manual
0.9189189189189192,980000,0.0224528650396364,Diesel,Individual,Manual
0.7567567567567579,165000,0.0410933311190719,Petrol,Individual,Manual
0.7027027027027017,360000,0.0720195589326808,Diesel,Individual,Automatic
0.7027027027027017,90000,0.0169454546070759,Petrol,Individual,Manual
0.9729729729729756,779000,0.0029786617501025,Petrol,Trustmark Dealer,Automatic
0.8918918918918948,645000,0.0046596928729025,Petrol,Dealer,Automatic
0.4324324324324351,60000,0.0148272198253218,Petrol,Individual,Manual
0.8918918918918948,650000,0.0550736806786485,Diesel,Individual,Manual
0.9459459459459438,1225000,0.0093198093927613,Petrol,Dealer,Automatic
0.6486486486486527,125000,0.0423642719881243,Petrol,Individual,Manual
0.8648648648648631,240000,0.0466007415516323,Diesel,Individual,Manual
0.9459459459459438,900000,0.0105907502618138,Diesel,Individual,Manual
0.9459459459459438,1265000,0.0050833398292533,Diesel,Individual,Manual
0.8108108108108141,345000,0.0199109833015315,Petrol,Dealer,Manual
0.9459459459459438,780000,0.0105907502618138,Diesel,Dealer,Manual
0.8648648648648631,200000,0.0211819241705839,Petrol,Individual,Manual
0.7297297297297334,190000,0.0423642719881243,Diesel,Individual,Manual
0.9459459459459438,900000,0.0189670978827819,Diesel,Dealer,Manual
1.0,409999,0.0148272198253218,CNG,Individual,Manual
0.7837837837837824,290000,0.0466007415516323,Petrol,Individual,Manual
0.8378378378378386,260000,0.0211819241705839,Diesel,Individual,Manual
0.8648648648648631,585000,0.010167103305463,Petrol,Dealer,Manual
0.9189189189189192,550000,0.0084259143148611,Petrol,Dealer,Automatic
0.7837837837837824,240000,0.084728967623205,Diesel,Individual,Manual
0.8918918918918948,250000,0.0084725154800597,Petrol,Individual,Manual
0.4054054054054035,80000,0.0296548632976001,Petrol,Individual,Manual
0.9459459459459438,925000,0.0093198093927613,Petrol,Individual,Manual
0.6756756756756772,65000,0.0423642719881243,Petrol,Individual,Manual
0.7837837837837824,600000,0.0508372111151404,Diesel,Individual,Manual
0.3783783783783789,50000,0.025418393734092,Petrol,Individual,Manual
0.621621621621621,100000,0.0423642719881243,Petrol,Individual,Automatic
0.9189189189189192,700000,0.0148272198253218,Diesel,Individual,Manual
0.6486486486486527,300000,0.0423642719881243,Diesel,Individual,Manual
0.9729729729729756,700000,0.0027532815693238,Petrol,Individual,Manual
0.7297297297297334,160000,0.0433416255164256,Diesel,Dealer,Manual
0.5945945945945965,114999,0.0392483486241641,Diesel,Dealer,Manual
0.7837837837837824,500000,0.0466007415516323,Diesel,Individual,Automatic
0.8378378378378386,450000,0.0423642719881243,Petrol,Individual,Manual
0.8378378378378386,980000,0.0508372111151404,Diesel,Individual,Manual
0.7027027027027017,80000,0.0762560284961888,Diesel,Individual,Manual
0.5945945945945965,60000,0.0381278024246162,Petrol,Individual,Manual
0.9729729729729756,690000,0.0005515883371687,Petrol,Dealer,Manual
0.9189189189189192,850000,0.0227151025056175,Diesel,Trustmark Dealer,Manual
0.9729729729729756,779000,0.0029786617501025,Petrol,Trustmark Dealer,Automatic
0.9729729729729756,525000,0.0039818577427412,Petrol,Individual,Manual
0.9189189189189192,350000,0.023300158952338,Petrol,Individual,Manual
0.9189189189189192,450000,0.0238466635260305,Diesel,Dealer,Manual
1.0,545000,0.0030921991344045,Petrol,Individual,Manual
0.9729729729729756,300000,0.0063542806983057,Petrol,Individual,Manual
0.9189189189189192,3200000,0.0190636893888299,Diesel,Dealer,Automatic
0.621621621621621,65000,0.0423642719881243,Petrol,Individual,Manual
0.9729729729729756,630000,0.0063542806983057,Diesel,Individual,Manual
0.8648648648648631,580000,0.0313494511230033,Diesel,Individual,Manual
0.8648648648648631,245000,0.0182163954761283,Petrol,Dealer,Manual
0.9459459459459438,950000,0.0059306337419549,Diesel,Individual,Manual
0.9729729729729756,779000,0.0029786617501025,Petrol,Trustmark Dealer,Automatic
0.9189189189189192,450000,0.0105907502618138,Petrol,Individual,Manual
0.8918918918918948,650000,0.0423642719881243,Diesel,Individual,Manual
0.4054054054054035,35000,0.0169454546070759,Petrol,Individual,Manual
0.9729729729729756,1350000,0.002287269917338,Diesel,Dealer,Manual
0.8108108108108141,325000,0.0296548632976001,Petrol,Individual,Manual
0.7297297297297334,130000,0.0508372111151404,Diesel,Individual,Manual
0.7837837837837824,250000,0.0338913328611081,Diesel,Individual,Manual
0.8108108108108141,750000,0.0336066421064404,Diesel,Trustmark Dealer,Manual
0.7567567567567579,700000,0.1059113154407453,Diesel,Individual,Manual
0.9459459459459438,539000,0.025418393734092,Diesel,Individual,Manual
0.7567567567567579,350000,0.0563446215477009,Diesel,Individual,Manual
0.8648648648648631,375000,0.0338913328611081,Diesel,Individual,Manual
0.8108108108108141,325000,0.0211819241705839,Diesel,Individual,Manual
1.0,1119000,0.0004274597789579,Petrol,Dealer,Manual
0.4054054054054035,40000,0.0296548632976001,Petrol,Individual,Manual
0.8918918918918948,335000,0.0169454546070759,Petrol,Dealer,Manual
0.9729729729729756,675000,0.0042360459165517,Petrol,Individual,Manual
0.9189189189189192,550000,0.0042360459165517,Petrol,Individual,Automatic
0.8108108108108141,750000,0.0336066421064404,Diesel,Trustmark Dealer,Manual
0.9459459459459438,740000,0.0038123989602009,Petrol,Individual,Automatic
0.6486486486486527,250000,0.025418393734092,Petrol,Individual,Manual
0.7567567567567579,196000,0.0466007415516323,Petrol,Individual,Manual
0.567567567567572,170000,0.0677830893691727,Diesel,Individual,Manual
0.9189189189189192,600000,0.0148272198253218,Petrol,Individual,Manual
0.9459459459459438,800000,0.0105907502618138,Petrol,Individual,Automatic
0.8108108108108141,175000,0.0288075693848985,Diesel,Individual,Manual
0.8648648648648631,900000,0.0529554458968945,Diesel,Individual,Manual
0.6486486486486527,175000,0.0766796754525396,Diesel,Individual,Manual
0.6756756756756772,114999,0.0282915673920632,Petrol,Individual,Manual
0.7837837837837824,350000,0.0296548632976001,Diesel,Individual,Manual
0.8648648648648631,1250000,0.0677830893691727,Diesel,Individual,Manual
0.8918918918918948,200000,0.0148272198253218,Petrol,Individual,Manual
0.6486486486486527,220000,0.0457534476389307,Petrol,Individual,Manual
0.8918918918918948,356000,0.004090311363567,Petrol,Individual,Manual
0.8648648648648631,625000,0.0050486007788325,Petrol,Trustmark Dealer,Manual
0.9189189189189192,725000,0.0152508667816726,Diesel,Dealer,Manual
0.8378378378378386,180000,0.0423642719881243,Petrol,Individual,Manual
0.9729729729729756,900000,0.0169454546070759,Diesel,Individual,Manual
0.8378378378378386,590000,0.0296548632976001,Petrol,Individual,Manual
0.621621621621621,81000,0.0353363926292207,Petrol,Individual,Manual
0.9189189189189192,740000,0.0103365620880033,Diesel,Individual,Manual
0.7837837837837824,204000,0.0466007415516323,Petrol,Individual,Manual
0.7027027027027017,125000,0.0402460372063702,Diesel,Individual,Manual
0.7837837837837824,450000,0.0127089850435678,Petrol,Individual,Manual
0.8378378378378386,550000,0.0211819241705839,Diesel,Individual,Manual
0.9189189189189192,550000,0.0127089850435678,Petrol,Individual,Manual
0.7027027027027017,300000,0.023300158952338,Diesel,Individual,Manual
0.9189189189189192,220000,0.0169454546070759,Petrol,Individual,Manual
0.8108108108108141,360000,0.034314979817459,Diesel,Individual,Manual
0.7567567567567579,180000,0.0381278024246162,Diesel,Individual,Manual
0.8378378378378386,370000,0.0508372111151404,Diesel,Individual,Manual
0.7837837837837824,285000,0.0338913328611081,Diesel,Individual,Manual
0.8378378378378386,250000,0.025418393734092,Petrol,Individual,Manual
0.9189189189189192,500000,0.0317730980793541,Diesel,Individual,Manual
0.8648648648648631,300000,0.0203346302578823,Petrol,Dealer,Manual
0.8918918918918948,725000,0.0208502086037613,Petrol,Trustmark Dealer,Manual
0.7567567567567579,1000000,0.0381278024246162,Diesel,Individual,Automatic
0.9189189189189192,325000,0.0097434563491122,Petrol,Individual,Manual
0.8108108108108141,140000,0.0423642719881243,Diesel,Individual,Manual
0.9189189189189192,450000,0.0127089850435678,Petrol,Individual,Manual
0.8108108108108141,525000,0.0300785102539509,Diesel,Dealer,Manual
0.9459459459459438,1250000,0.0127089850435678,Diesel,Individual,Manual
0.7567567567567579,250000,0.0296548632976001,Petrol,Individual,Manual
0.9459459459459438,780000,0.0491426232897372,Diesel,Individual,Manual
0.8648648648648631,630000,0.0622756789366122,Diesel,Individual,Manual
0.9459459459459438,465000,0.0105907502618138,Diesel,Individual,Manual
0.7297297297297334,170000,0.0317730980793541,Petrol,Individual,Manual
0.8648648648648631,155000,0.0169454546070759,Petrol,Individual,Manual
0.621621621621621,300000,0.0508372111151404,Diesel,Individual,Manual
0.8108108108108141,370000,0.025418393734092,Petrol,Individual,Manual
0.7567567567567579,275000,0.0211819241705839,Petrol,Individual,Manual
0.7567567567567579,240000,0.0381278024246162,Diesel,Individual,Manual
0.8378378378378386,700000,0.0550736806786485,Diesel,Individual,Manual
0.8378378378378386,540000,0.0635466198056646,Diesel,Individual,Manual
0.9189189189189192,700000,0.0211819241705839,Diesel,Individual,Manual
0.8378378378378386,645000,0.0636991327099509,Diesel,Individual,Manual
0.7837837837837824,480000,0.0338913328611081,Diesel,Individual,Manual
0.7837837837837824,369000,0.0238280230599511,Petrol,Dealer,Manual
0.8918918918918948,1800000,0.0599202018593017,Diesel,Dealer,Manual
0.7567567567567579,254999,0.0423642719881243,Diesel,Individual,Manual
0.8378378378378386,375000,0.0220292180832856,Petrol,Individual,Manual
0.7027027027027017,275000,0.0423642719881243,Diesel,Individual,Manual
0.7567567567567579,250000,0.0152508667816726,Petrol,Individual,Manual
0.7567567567567579,180000,0.0466007415516323,Petrol,Individual,Manual
0.7297297297297334,140000,0.025418393734092,Petrol,Individual,Manual
0.6486486486486527,65000,0.0508372111151404,Diesel,Individual,Manual
0.9189189189189192,550000,0.0211819241705839,Petrol,Individual,Manual
0.8648648648648631,600000,0.025418393734092,Diesel,Individual,Manual
0.9459459459459438,325000,0.0423642719881243,Petrol,Individual,Manual
1.0,600000,0.0021178111347976,Petrol,Individual,Automatic
0.9729729729729756,5150000,0.0084725154800597,Petrol,Dealer,Automatic
0.8108108108108141,409999,0.0423642719881243,Diesel,Individual,Manual
0.8378378378378386,487000,0.0148272198253218,Petrol,Individual,Manual
0.7567567567567579,150000,0.0296548632976001,Petrol,Individual,Manual
0.8108108108108141,310000,0.0250371114733763,CNG,Dealer,Manual
0.7837837837837824,45000,0.0148272198253218,Petrol,Individual,Manual
0.621621621621621,120000,0.0186400424324791,Petrol,Individual,Manual
0.9729729729729756,5400000,0.0031769285256747,Diesel,Dealer,Automatic
0.9459459459459438,300000,0.0215428713773948,Petrol,Individual,Manual
0.7297297297297334,150000,0.0211819241705839,Petrol,Individual,Manual
0.8918918918918948,770000,0.0042360459165517,Petrol,Individual,Automatic
0.7837837837837824,260000,0.0169454546070759,Petrol,Individual,Manual
0.9189189189189192,380000,0.0080488685237089,Petrol,Individual,Manual
0.9459459459459438,6000000,0.0119277800560569,Diesel,Dealer,Automatic
0.7027027027027017,155000,0.0508372111151404,Diesel,Individual,Manual
0.9189189189189192,399000,0.0127089850435678,Petrol,Individual,Manual
0.9729729729729756,520000,0.0010841125613017,Petrol,Individual,Automatic
0.8108108108108141,330000,0.0160981606943743,Petrol,Dealer,Automatic
0.8648648648648631,625000,0.0381278024246162,Diesel,Individual,Manual
0.8108108108108141,300000,0.025418393734092,Diesel,Individual,Manual
0.8918918918918948,645000,0.0046596928729025,Petrol,Dealer,Automatic
0.7567567567567579,975000,0.0508372111151404,Diesel,Individual,Manual
0.9729729729729756,650000,0.0084725154800597,Petrol,Individual,Manual
0.8648648648648631,600000,0.0381278024246162,Diesel,Individual,Manual
0.7567567567567579,270000,0.025418393734092,Diesel,Individual,Manual
0.8108108108108141,300000,0.0169454546070759,Petrol,Individual,Manual
0.7567567567567579,440000,0.0211819241705839,Petrol,Dealer,Automatic
0.8648648648648631,325000,0.0338913328611081,Diesel,Individual,Manual
0.8648648648648631,750000,0.0063542806983057,Petrol,Dealer,Automatic
0.9189189189189192,380000,0.0211819241705839,Petrol,Individual,Manual
0.8108108108108141,360000,0.0127089850435678,Petrol,Individual,Manual
0.7297297297297334,400000,0.0338913328611081,Petrol,Individual,Manual
0.7027027027027017,215000,0.025418393734092,Petrol,Dealer,Manual
0.7567567567567579,290000,0.0133885147615545,Petrol,Dealer,Manual
0.8648648648648631,555000,0.0084725154800597,Petrol,Individual,Manual
0.6756756756756772,150000,0.0211819241705839,Petrol,Individual,Manual
0.9459459459459438,900000,0.011113954252907,Diesel,Dealer,Manual
0.9189189189189192,755000,0.0084725154800597,Diesel,Individual,Manual
0.9459459459459438,350000,0.0186400424324791,Petrol,Individual,Manual
0.8108108108108141,315000,0.0207582772142331,Petrol,Individual,Manual
0.8648648648648631,699000,0.0127089850435678,Diesel,Individual,Manual
0.7837837837837824,250000,0.0423642719881243,Diesel,Individual,Manual
0.8378378378378386,490000,0.0508372111151404,Diesel,Individual,Manual
0.7027027027027017,300000,0.0063542806983057,Petrol,Individual,Manual
0.9189189189189192,550000,0.0169454546070759,Petrol,Individual,Automatic
0.5135135135135158,60000,0.0211819241705839,Petrol,Individual,Manual
0.8918918918918948,210000,0.0211819241705839,Petrol,Individual,Manual
0.9189189189189192,450000,0.0042360459165517,Petrol,Individual,Automatic
0.6756756756756772,221000,0.0148306090009726,Petrol,Dealer,Manual
0.8648648648648631,500000,0.0408815076408965,Diesel,Individual,Manual
0.7027027027027017,185000,0.0211819241705839,Petrol,Individual,Manual
0.7567567567567579,302000,0.0436352128571767,Diesel,Individual,Manual
0.6756756756756772,65000,0.0423642719881243,Petrol,Individual,Manual
0.8108108108108141,178000,0.0296548632976001,CNG,Individual,Manual
0.9189189189189192,780000,0.0148272198253218,Diesel,Individual,Manual
0.9459459459459438,730000,0.0010112452848093,Petrol,Individual,Manual
0.8648648648648631,1050000,0.0338913328611081,Diesel,Individual,Manual
0.8918918918918948,400000,0.025418393734092,Diesel,Individual,Manual
0.4864864864864842,85000,0.036433214599213,Petrol,Individual,Manual
0.7837837837837824,400000,0.023439115154021,Diesel,Dealer,Manual
0.9459459459459438,1650000,0.0084725154800597,Diesel,Individual,Manual
0.9189189189189192,400000,0.025418393734092,Petrol,Individual,Manual
0.5945945945945965,55000,0.0165218076507251,Petrol,Individual,Manual
0.9729729729729756,600000,0.0076252215673581,Petrol,Individual,Manual
0.8648648648648631,511000,0.0245710998213904,Diesel,Dealer,Manual
0.9459459459459438,611000,0.0038123989602009,Petrol,Dealer,Manual
0.8918918918918948,2000000,0.0296548632976001,Petrol,Individual,Automatic
0.8918918918918948,500000,0.0423642719881243,Petrol,Individual,Manual
0.6756756756756772,515000,0.0508372111151404,Diesel,Individual,Automatic
0.8648648648648631,500000,0.0466007415516323,Diesel,Individual,Manual
0.8378378378378386,600000,0.0127089850435678,Diesel,Individual,Manual
0.621621621621621,100000,0.0338913328611081,Petrol,Individual,Manual
0.8108108108108141,425000,0.0258772033878199,Diesel,Dealer,Manual
0.8108108108108141,135000,0.0508372111151404,Diesel,Individual,Manual
0.8108108108108141,1300000,0.0593101502421566,Diesel,Individual,Automatic
0.9189189189189192,280000,0.0338913328611081,Diesel,Individual,Manual
0.8108108108108141,800000,0.049566270246088,Diesel,Dealer,Automatic
1.0,3200000,0.001270517222096,Diesel,Individual,Automatic
0.8648648648648631,434999,0.0423642719881243,Diesel,Individual,Manual
0.9189189189189192,380000,0.0338913328611081,Diesel,Individual,Manual
0.8378378378378386,425000,0.0338913328611081,Diesel,Individual,Manual
0.8108108108108141,360000,0.025418393734092,Petrol,Individual,Manual
0.7837837837837824,550000,0.0338913328611081,Diesel,Individual,Manual
0.7027027027027017,170000,0.0249947467777412,Petrol,Individual,Manual
0.8648648648648631,300000,0.0466007415516323,Petrol,Individual,Manual
0.7297297297297334,150000,0.0296548632976001,Petrol,Individual,Manual
0.8648648648648631,595000,0.0152508667816726,Petrol,Dealer,Manual
0.9459459459459438,1250000,0.0105907502618138,Diesel,Individual,Manual
0.9729729729729756,5150000,0.0084725154800597,Petrol,Dealer,Automatic
0.7297297297297334,200000,0.0211819241705839,Petrol,Individual,Manual
0.9729729729729756,779000,0.0029786617501025,Petrol,Trustmark Dealer,Automatic
0.8378378378378386,310000,0.0677830893691727,Diesel,Individual,Manual
0.8108108108108141,350000,0.0466007415516323,Diesel,Individual,Manual
0.567567567567572,130000,0.0423642719881243,Petrol,Individual,Automatic
0.8378378378378386,625000,0.0381278024246162,Diesel,Individual,Manual
0.7837837837837824,350000,0.0220292180832856,Diesel,Individual,Manual
0.9189189189189192,885000,0.0165218076507251,Diesel,Dealer,Manual
0.9189189189189192,268000,0.0105907502618138,Petrol,Individual,Manual
0.6486486486486527,100000,0.060581091111209,Petrol,Individual,Manual
0.9459459459459438,890000,0.0338913328611081,Diesel,Individual,Manual
0.9459459459459438,650000,0.0084725154800597,Petrol,Individual,Manual
0.7567567567567579,210000,0.0423642719881243,Diesel,Individual,Manual
0.9459459459459438,330000,0.0127089850435678,Petrol,Individual,Manual
0.7567567567567579,135000,0.0508372111151404,Diesel,Individual,Manual
0.8648648648648631,425000,0.025418393734092,Diesel,Individual,Manual
0.7027027027027017,114999,0.0423642719881243,Petrol,Individual,Manual
0.8648648648648631,625000,0.0211819241705839,Diesel,Individual,Manual
0.7567567567567579,375000,0.0410933311190719,Diesel,Dealer,Manual
0.8648648648648631,750000,0.0296548632976001,Diesel,Individual,Manual
0.9459459459459438,270000,0.0084725154800597,Petrol,Individual,Manual
0.8378378378378386,320000,0.0166891481984836,Diesel,Individual,Manual
0.9729729729729756,5400000,0.0031769285256747,Diesel,Dealer,Automatic
0.9189189189189192,2150000,0.0114380441745154,Diesel,Dealer,Automatic
0.8648648648648631,110000,0.0059306337419549,Petrol,Individual,Manual
0.9459459459459438,925000,0.0008769491996461,Diesel,Dealer,Manual
0.8918918918918948,780000,0.025418393734092,Diesel,Individual,Manual
0.8648648648648631,465000,0.0211819241705839,Petrol,Individual,Manual
0.7837837837837824,300000,0.0255454878209972,Diesel,Individual,Manual
0.9729729729729756,509999,0.0169454546070759,Petrol,Individual,Manual
0.9189189189189192,570000,0.0148272198253218,Petrol,Individual,Manual
0.8378378378378386,500000,0.0207582772142331,Diesel,Individual,Manual
0.8108108108108141,445000,0.0296548632976001,Diesel,Dealer,Manual
0.8378378378378386,55000,0.0169454546070759,Petrol,Individual,Manual
0.8918918918918948,475000,0.0211819241705839,Diesel,Individual,Manual
0.9189189189189192,2700000,0.0067779276546565,Petrol,Dealer,Automatic
0.7297297297297334,155000,0.0381278024246162,Petrol,Individual,Manual
0.8648648648648631,720000,0.0381278024246162,Diesel,Individual,Manual
0.8108108108108141,600000,0.0508372111151404,Diesel,Individual,Manual
0.8378378378378386,250000,0.0245710998213904,Petrol,Individual,Manual
0.5405405405405403,68000,0.0296548632976001,Petrol,Individual,Manual
0.9189189189189192,625000,0.0108186723243305,Petrol,Trustmark Dealer,Manual
0.5405405405405403,58000,0.0720195589326808,Petrol,Individual,Manual
0.7027027027027017,135000,0.0381278024246162,Diesel,Individual,Manual
0.7027027027027017,360000,0.0423642719881243,Diesel,Individual,Manual
0.9729729729729756,960000,0.0011010584395557,Diesel,Individual,Manual
0.9189189189189192,2600000,0.0186400424324791,Diesel,Dealer,Automatic
0.7297297297297334,225000,0.0538027398095961,Diesel,Individual,Manual
0.7567567567567579,210000,0.0423642719881243,Diesel,Individual,Manual
0.9189189189189192,575000,0.0169454546070759,Diesel,Individual,Manual
0.8108108108108141,1490000,0.0169454546070759,Diesel,Dealer,Automatic
0.9189189189189192,300000,0.0133397953615742,Petrol,Individual,Manual
0.8918918918918948,700000,0.0386285531270229,Diesel,Individual,Manual
0.8378378378378386,550000,0.1270936632582857,Diesel,Individual,Manual
0.9459459459459438,2475000,0.0008468702657452,Diesel,Dealer,Automatic
0.8108108108108141,400000,0.025418393734092,Diesel,Individual,Manual
0.8918918918918948,330000,0.025418393734092,Petrol,Individual,Manual
0.7297297297297334,240000,0.0338913328611081,Petrol,Individual,Manual
0.7027027027027017,140000,0.0508372111151404,Petrol,Individual,Manual
